{"cameraMode":{"drawMode":0,"name":"Shaded","section":"Shading Mode"},"sceneLighting":false,"audioPlay":false,"sceneViewState":{"showFog":false,"showMaterialUpdate":false,"showSkybox":false,"showFlares":false,"showImageEffects":false,"showParticleSystems":false},"in2DMode":false,"pivot":{"x":-8.354999542236329,"y":-2.1394999027252199,"z":8.164999961853028},"rotation":{"x":0.05324247106909752,"y":-0.9440875053405762,"z":0.19059962034225465,"w":0.26373159885406496},"size":0.441607266664505,"orthographic":false}