{"cameraMode":{"drawMode":0,"name":"Shaded","section":"Shading Mode"},"sceneLighting":true,"audioPlay":false,"sceneViewState":{"showFog":false,"showMaterialUpdate":false,"showSkybox":false,"showFlares":false,"showImageEffects":false,"showParticleSystems":false},"in2DMode":false,"pivot":{"x":450.17120361328127,"y":52.4765625,"z":451.6034240722656},"rotation":{"x":0.03222169354557991,"y":0.10230176895856857,"z":0.0032711343374103309,"w":-0.9942976236343384},"size":379.805908203125,"orthographic":false}