{"cameraMode":{"drawMode":0,"name":"Shaded","section":"Shading Mode"},"sceneLighting":false,"audioPlay":false,"sceneViewState":{"showFog":false,"showMaterialUpdate":false,"showSkybox":false,"showFlares":false,"showImageEffects":false,"showParticleSystems":false},"in2DMode":false,"pivot":{"x":0.0063811540603637699,"y":1.2999999523162842,"z":-0.2610478103160858},"rotation":{"x":0.09387357532978058,"y":0.5051930546760559,"z":-0.055384326726198199,"w":0.8561087250709534},"size":5.62114953994751,"orthographic":false}