{"cameraMode":{"drawMode":0,"name":"Shaded","section":"Shading Mode"},"sceneLighting":false,"audioPlay":false,"sceneViewState":{"showFog":false,"showMaterialUpdate":false,"showSkybox":false,"showFlares":false,"showImageEffects":false,"showParticleSystems":false},"in2DMode":false,"pivot":{"x":0.0000012516975402832032,"y":0.9998888969421387,"z":0.0},"rotation":{"x":-0.24997900426387788,"y":-0.12132877856492996,"z":0.031586047261953357,"w":-0.9601091146469116},"size":5.046256065368652,"orthographic":false}